harry,potions,Brew Polyjuice Potion,Use mandrake root and lacewing flies,
userName,listTitle,id,title,Oakville
userName,listTitle,id,title,123
userName,listTitle,id,title,Quan1
userName,listTitle,1,Item 1,quan2
null,null,id,title,Quan3
null,null,1,Item 1,quan3
null,null,1,Item 1,quan4
DefaultUserName,DefaultListTitle,1,Item 1,修改
DefaultUserName,DefaultListTitle,1691807307761,title,test Q
DefaultUserName,DefaultListTitle,1691807764263,title,test111
DefaultUserName,DefaultListTitle,1691808338601,title,test0817
luna,title,1691810740678,title,asdfasd
luna,title,1691810957247,title,Newone
luna,Newonetwo,1691810957247,Newonetwo,Newone
luna,title,1691811040044,title,bushi
luna,biaoti,1691811040044,biaoti,bushi
luna,My List,1691811163499,itemtitle,itemdesc
luna,My List,1691811569443,NewTitle,NewItemName
luna,My List,1691811890273,title,Desc
luna,null,1691816696688,321,123
luna,null,1691816700935,123214213,432123
luna,Test,1691816887562,123321,123321
luna,Test,1691817115083,123321,321123
luna,Transfiguration,1691817245484,123321,321123
luna,categoryming,1691817465195,itemming,itemdesc
luna,ceshilist,1691817930617,ceshititle,ceshidesc
